Variable,Importance,Sign
danceability,4.142183897301299,POS
valence,2.5591575665792297,NEG
instrumentalness,2.3092981746772305,NEG
acousticness,1.443615817385689,POS
liveness,0.7892735270512272,POS
mode,0.7759732879122556,POS
energy,0.645372372173648,POS
speechiness,0.36848906751713734,POS
loudness,0.17850051956367805,NEG
tempo,0.004166579414848028,POS
