Variable,Importance,Sign
danceability,4.6284266430621965,NEG
energy,2.4234928388234875,NEG
valence,1.5424420709142463,POS
speechiness,1.4117308553782293,NEG
instrumentalness,1.3364884356093276,POS
liveness,1.1169163637431607,NEG
mode,0.5050606066357954,NEG
loudness,0.4874529026394461,POS
acousticness,0.042298338514876105,POS
tempo,0.004962120399974207,NEG
