"Variable","Importance","Sign"
"danceability",4.32006940803227,"POS"
"instrumentalness",2.5899482404986,"NEG"
"valence",2.02462118137754,"NEG"
"speechiness",1.74228464294553,"NEG"
"energy",1.38393822377343,"POS"
"liveness",1.03863317579123,"POS"
"mode",0.52698570887686,"POS"
"acousticness",0.369626565253124,"NEG"
"loudness",0.353141067654706,"NEG"
"tempo",0.00726138244386228,"POS"
